CIDR,Starting IP,Ending IP
195.162.92.0/22,195.162.92.0,195.162.95.255
101.56.0.0/14,101.56.0.0,101.59.255.255
51.182.0.0/15,51.182.0.0,51.183.255.255
51.186.0.0/15,51.186.0.0,51.187.255.255
51.199.0.0/17,51.199.0.0,51.199.127.255
51.199.128.0/18,51.199.128.0,51.199.191.255
51.199.192.0/20,51.199.192.0,51.199.207.255
2.120.16.0/22,2.120.16.0,2.120.19.255
2.120.32.0/21,2.120.32.0,2.120.39.255
2.120.40.0/22,2.120.40.0,2.120.43.255
2.120.48.0/22,2.120.48.0,2.120.51.255
2.120.68.0/22,2.120.68.0,2.120.71.255
2.120.80.0/21,2.120.80.0,2.120.87.255
2.120.128.0/21,2.120.128.0,2.120.135.255
2.120.136.0/22,2.120.136.0,2.120.139.255
2.120.148.0/22,2.120.148.0,2.120.151.255
2.120.184.0/21,2.120.184.0,2.120.191.255
2.120.192.0/22,2.120.192.0,2.120.195.255
2.120.236.0/22,2.120.236.0,2.120.239.255
2.121.32.0/22,2.121.32.0,2.121.35.255
2.121.48.0/20,2.121.48.0,2.121.63.255
2.121.64.0/21,2.121.64.0,2.121.71.255
2.121.112.0/22,2.121.112.0,2.121.115.255
2.121.128.0/20,2.121.128.0,2.121.143.255
2.121.144.0/22,2.121.144.0,2.121.147.255
2.121.152.0/21,2.121.152.0,2.121.159.255
2.121.160.0/20,2.121.160.0,2.121.175.255
2.121.180.0/22,2.121.180.0,2.121.183.255
2.121.184.0/21,2.121.184.0,2.121.191.255
2.121.192.0/20,2.121.192.0,2.121.207.255
2.121.216.0/22,2.121.216.0,2.121.219.255
2.121.224.0/20,2.121.224.0,2.121.239.255
2.121.240.0/22,2.121.240.0,2.121.243.255
2.121.248.0/21,2.121.248.0,2.121.255.255
2.122.8.0/21,2.122.8.0,2.122.15.255
2.122.20.0/22,2.122.20.0,2.122.23.255
2.122.24.0/21,2.122.24.0,2.122.31.255
2.122.36.0/22,2.122.36.0,2.122.39.255
2.122.40.0/22,2.122.40.0,2.122.43.255
2.122.68.0/22,2.122.68.0,2.122.71.255
2.122.72.0/22,2.122.72.0,2.122.75.255
2.122.80.0/22,2.122.80.0,2.122.83.255
2.122.96.0/20,2.122.96.0,2.122.111.255
2.122.116.0/22,2.122.116.0,2.122.119.255
2.122.124.0/22,2.122.124.0,2.122.127.255
2.122.132.0/22,2.122.132.0,2.122.135.255
2.122.140.0/22,2.122.140.0,2.122.143.255
2.122.144.0/22,2.122.144.0,2.122.147.255
2.122.160.0/22,2.122.160.0,2.122.163.255
2.122.184.0/22,2.122.184.0,2.122.187.255
2.122.196.0/22,2.122.196.0,2.122.199.255
2.122.200.0/22,2.122.200.0,2.122.203.255
2.122.220.0/22,2.122.220.0,2.122.223.255
2.122.232.0/22,2.122.232.0,2.122.235.255
2.122.248.0/22,2.122.248.0,2.122.251.255
2.123.8.0/21,2.123.8.0,2.123.15.255
2.123.16.0/22,2.123.16.0,2.123.19.255
2.123.28.0/22,2.123.28.0,2.123.31.255
2.123.56.0/21,2.123.56.0,2.123.63.255
2.123.104.0/21,2.123.104.0,2.123.111.255
2.123.116.0/22,2.123.116.0,2.123.119.255
2.123.120.0/21,2.123.120.0,2.123.127.255
2.123.160.0/21,2.123.160.0,2.123.167.255
2.123.168.0/22,2.123.168.0,2.123.171.255
2.123.176.0/22,2.123.176.0,2.123.179.255
2.123.196.0/22,2.123.196.0,2.123.199.255
2.123.220.0/22,2.123.220.0,2.123.223.255
2.123.224.0/21,2.123.224.0,2.123.231.255
2.124.52.0/22,2.124.52.0,2.124.55.255
2.124.56.0/22,2.124.56.0,2.124.59.255
2.124.68.0/22,2.124.68.0,2.124.71.255
2.124.72.0/22,2.124.72.0,2.124.75.255
2.124.92.0/22,2.124.92.0,2.124.95.255
2.124.136.0/22,2.124.136.0,2.124.139.255
2.124.148.0/22,2.124.148.0,2.124.151.255
2.124.172.0/22,2.124.172.0,2.124.175.255
2.124.180.0/22,2.124.180.0,2.124.183.255
2.124.192.0/22,2.124.192.0,2.124.195.255
2.124.200.0/22,2.124.200.0,2.124.203.255
2.124.224.0/22,2.124.224.0,2.124.227.255
2.124.240.0/22,2.124.240.0,2.124.243.255
2.125.36.0/22,2.125.36.0,2.125.39.255
2.125.40.0/22,2.125.40.0,2.125.43.255
2.125.120.0/21,2.125.120.0,2.125.127.255
2.125.152.0/22,2.125.152.0,2.125.155.255
2.125.172.0/22,2.125.172.0,2.125.175.255
2.125.200.0/21,2.125.200.0,2.125.207.255
2.125.220.0/22,2.125.220.0,2.125.223.255
2.125.248.0/22,2.125.248.0,2.125.251.255
2.126.8.0/22,2.126.8.0,2.126.11.255
2.126.104.0/22,2.126.104.0,2.126.107.255
2.126.144.0/22,2.126.144.0,2.126.147.255
2.126.156.0/22,2.126.156.0,2.126.159.255
2.126.180.0/22,2.126.180.0,2.126.183.255
2.126.192.0/22,2.126.192.0,2.126.195.255
2.126.232.0/22,2.126.232.0,2.126.235.255
2.127.40.0/21,2.127.40.0,2.127.47.255
2.127.96.0/22,2.127.96.0,2.127.99.255
2.127.112.0/21,2.127.112.0,2.127.119.255
2.127.120.0/22,2.127.120.0,2.127.123.255
2.127.220.0/22,2.127.220.0,2.127.223.255
2.216.76.0/22,2.216.76.0,2.216.79.255
2.216.80.0/22,2.216.80.0,2.216.83.255
2.216.92.0/22,2.216.92.0,2.216.95.255
2.217.88.0/22,2.217.88.0,2.217.91.255
2.217.124.0/22,2.217.124.0,2.217.127.255
2.217.152.0/22,2.217.152.0,2.217.155.255
2.217.212.0/22,2.217.212.0,2.217.215.255
2.218.28.0/22,2.218.28.0,2.218.31.255
2.218.128.0/22,2.218.128.0,2.218.131.255
2.218.192.0/22,2.218.192.0,2.218.195.255
2.218.236.0/22,2.218.236.0,2.218.239.255
2.219.60.0/22,2.219.60.0,2.219.63.255
2.219.104.0/22,2.219.104.0,2.219.107.255
2.219.112.0/22,2.219.112.0,2.219.115.255
2.219.128.0/22,2.219.128.0,2.219.131.255
2.219.164.0/22,2.219.164.0,2.219.167.255
2.219.184.0/22,2.219.184.0,2.219.187.255
2.220.92.0/22,2.220.92.0,2.220.95.255
2.220.128.0/22,2.220.128.0,2.220.131.255
2.220.160.0/22,2.220.160.0,2.220.163.255
2.220.196.0/22,2.220.196.0,2.220.199.255
2.221.20.0/22,2.221.20.0,2.221.23.255
2.221.76.0/22,2.221.76.0,2.221.79.255
2.221.100.0/22,2.221.100.0,2.221.103.255
2.221.152.0/22,2.221.152.0,2.221.155.255
2.221.232.0/22,2.221.232.0,2.221.235.255
2.222.8.0/22,2.222.8.0,2.222.11.255
2.222.36.0/22,2.222.36.0,2.222.39.255
2.222.112.0/21,2.222.112.0,2.222.119.255
2.222.168.0/22,2.222.168.0,2.222.171.255
2.222.196.0/22,2.222.196.0,2.222.199.255
2.223.20.0/22,2.223.20.0,2.223.23.255
2.223.48.0/22,2.223.48.0,2.223.51.255
2.223.96.0/22,2.223.96.0,2.223.99.255
2.223.140.0/22,2.223.140.0,2.223.143.255
2.223.176.0/22,2.223.176.0,2.223.179.255
2.223.184.0/22,2.223.184.0,2.223.187.255
2.223.200.0/22,2.223.200.0,2.223.203.255
2.223.224.0/22,2.223.224.0,2.223.227.255
5.64.28.0/22,5.64.28.0,5.64.31.255
5.64.60.0/22,5.64.60.0,5.64.63.255
5.64.76.0/22,5.64.76.0,5.64.79.255
5.64.96.0/22,5.64.96.0,5.64.99.255
5.64.104.0/22,5.64.104.0,5.64.107.255
5.64.148.0/22,5.64.148.0,5.64.151.255
5.64.152.0/22,5.64.152.0,5.64.155.255
5.64.168.0/22,5.64.168.0,5.64.171.255
5.64.184.0/22,5.64.184.0,5.64.187.255
5.65.32.0/21,5.65.32.0,5.65.39.255
5.65.48.0/21,5.65.48.0,5.65.55.255
5.65.56.0/22,5.65.56.0,5.65.59.255
5.65.100.0/22,5.65.100.0,5.65.103.255
5.65.116.0/22,5.65.116.0,5.65.119.255
5.65.140.0/22,5.65.140.0,5.65.143.255
5.65.144.0/21,5.65.144.0,5.65.151.255
5.65.156.0/22,5.65.156.0,5.65.159.255
5.65.160.0/22,5.65.160.0,5.65.163.255
5.66.32.0/22,5.66.32.0,5.66.35.255
5.66.48.0/22,5.66.48.0,5.66.51.255
5.66.76.0/22,5.66.76.0,5.66.79.255
5.66.104.0/22,5.66.104.0,5.66.107.255
5.66.112.0/22,5.66.112.0,5.66.115.255
5.66.224.0/22,5.66.224.0,5.66.227.255
5.67.12.0/22,5.67.12.0,5.67.15.255
5.67.24.0/22,5.67.24.0,5.67.27.255
5.67.48.0/21,5.67.48.0,5.67.55.255
5.67.64.0/22,5.67.64.0,5.67.67.255
5.67.104.0/22,5.67.104.0,5.67.107.255
5.67.124.0/22,5.67.124.0,5.67.127.255
5.67.164.0/22,5.67.164.0,5.67.167.255
5.67.168.0/22,5.67.168.0,5.67.171.255
5.67.212.0/22,5.67.212.0,5.67.215.255
5.67.236.0/22,5.67.236.0,5.67.239.255
5.67.240.0/22,5.67.240.0,5.67.243.255
5.67.252.0/22,5.67.252.0,5.67.255.255
5.68.56.0/22,5.68.56.0,5.68.59.255
5.68.72.0/22,5.68.72.0,5.68.75.255
5.68.180.0/22,5.68.180.0,5.68.183.255
5.69.24.0/22,5.69.24.0,5.69.27.255
5.69.60.0/22,5.69.60.0,5.69.63.255
5.69.120.0/22,5.69.120.0,5.69.123.255
5.69.164.0/22,5.69.164.0,5.69.167.255
5.70.4.0/22,5.70.4.0,5.70.7.255
5.70.12.0/22,5.70.12.0,5.70.15.255
5.70.40.0/22,5.70.40.0,5.70.43.255
5.71.4.0/22,5.71.4.0,5.71.7.255
5.71.44.0/22,5.71.44.0,5.71.47.255
5.71.84.0/22,5.71.84.0,5.71.87.255
46.64.80.0/22,46.64.80.0,46.64.83.255
46.64.136.0/22,46.64.136.0,46.64.139.255
51.19.96.0/21,51.19.96.0,51.19.103.255
51.146.96.0/21,51.146.96.0,51.146.103.255
51.194.40.0/22,51.194.40.0,51.194.43.255
51.194.101.0/24,51.194.101.0,51.194.101.255
51.194.102.0/23,51.194.102.0,51.194.103.255
51.241.96.0/21,51.241.96.0,51.241.103.255
51.241.108.0/22,51.241.108.0,51.241.111.255
78.105.40.0/22,78.105.40.0,78.105.43.255
78.105.96.0/21,78.105.96.0,78.105.103.255
87.81.0.0/20,87.81.0.0,87.81.15.255
87.81.128.0/18,87.81.128.0,87.81.191.255
87.81.192.0/19,87.81.192.0,87.81.223.255
87.81.224.0/20,87.81.224.0,87.81.239.255
87.81.240.0/21,87.81.240.0,87.81.247.255
87.81.248.0/22,87.81.248.0,87.81.251.255
90.192.32.0/22,90.192.32.0,90.192.35.255
90.192.88.0/22,90.192.88.0,90.192.91.255
90.192.128.0/22,90.192.128.0,90.192.131.255
90.193.32.0/22,90.193.32.0,90.193.35.255
90.193.160.0/21,90.193.160.0,90.193.167.255
90.194.56.0/22,90.194.56.0,90.194.59.255
90.194.124.0/22,90.194.124.0,90.194.127.255
90.195.64.0/22,90.195.64.0,90.195.67.255
90.195.252.0/22,90.195.252.0,90.195.255.255
90.196.160.0/22,90.196.160.0,90.196.163.255
90.197.224.0/22,90.197.224.0,90.197.227.255
90.199.56.0/22,90.199.56.0,90.199.59.255
90.199.160.0/22,90.199.160.0,90.199.163.255
90.201.120.0/22,90.201.120.0,90.201.123.255
90.201.132.0/22,90.201.132.0,90.201.135.255
90.201.208.0/22,90.201.208.0,90.201.211.255
90.203.224.0/22,90.203.224.0,90.203.227.255
90.205.212.0/22,90.205.212.0,90.205.215.255
90.207.96.0/22,90.207.96.0,90.207.99.255
90.207.196.0/22,90.207.196.0,90.207.199.255
90.208.120.0/22,90.208.120.0,90.208.123.255
90.209.224.0/22,90.209.224.0,90.209.227.255
90.216.196.0/22,90.216.196.0,90.216.199.255
90.217.80.0/22,90.217.80.0,90.217.83.255
90.217.236.0/22,90.217.236.0,90.217.239.255
90.218.92.0/22,90.218.92.0,90.218.95.255
90.218.164.0/22,90.218.164.0,90.218.167.255
90.220.52.0/22,90.220.52.0,90.220.55.255
90.222.24.0/22,90.222.24.0,90.222.27.255
93.96.80.0/22,93.96.80.0,93.96.83.255
93.96.96.0/21,93.96.96.0,93.96.103.255
94.1.196.0/22,94.1.196.0,94.1.199.255
94.2.88.0/22,94.2.88.0,94.2.91.255
94.2.148.0/22,94.2.148.0,94.2.151.255
94.3.64.0/22,94.3.64.0,94.3.67.255
94.3.164.0/22,94.3.164.0,94.3.167.255
94.4.172.0/22,94.4.172.0,94.4.175.255
94.5.28.0/22,94.5.28.0,94.5.31.255
94.5.40.0/22,94.5.40.0,94.5.43.255
94.5.80.0/22,94.5.80.0,94.5.83.255
94.5.108.0/22,94.5.108.0,94.5.111.255
94.5.160.0/22,94.5.160.0,94.5.163.255
94.5.208.0/22,94.5.208.0,94.5.211.255
94.7.88.0/22,94.7.88.0,94.7.91.255
94.7.120.0/22,94.7.120.0,94.7.123.255
94.9.220.0/22,94.9.220.0,94.9.223.255
94.10.100.0/22,94.10.100.0,94.10.103.255
94.10.160.0/22,94.10.160.0,94.10.163.255
94.10.172.0/22,94.10.172.0,94.10.175.255
94.10.212.0/22,94.10.212.0,94.10.215.255
94.11.12.0/22,94.11.12.0,94.11.15.255
94.13.8.0/22,94.13.8.0,94.13.11.255
94.13.16.0/22,94.13.16.0,94.13.19.255
94.14.104.0/22,94.14.104.0,94.14.107.255
94.15.144.0/22,94.15.144.0,94.15.147.255
94.15.204.0/22,94.15.204.0,94.15.207.255
94.15.252.0/23,94.15.252.0,94.15.253.255
94.15.254.0/24,94.15.254.0,94.15.254.255
94.194.0.0/22,94.194.0.0,94.194.3.255
94.194.88.0/22,94.194.88.0,94.194.91.255
151.224.192.0/22,151.224.192.0,151.224.195.255
151.224.204.0/22,151.224.204.0,151.224.207.255
151.227.24.0/22,151.227.24.0,151.227.27.255
151.229.128.0/22,151.229.128.0,151.229.131.255
176.24.28.0/22,176.24.28.0,176.24.31.255
176.26.24.0/22,176.26.24.0,176.26.27.255
176.26.68.0/22,176.26.68.0,176.26.71.255
176.26.116.0/22,176.26.116.0,176.26.119.255
176.27.8.0/22,176.27.8.0,176.27.11.255
176.27.52.0/22,176.27.52.0,176.27.55.255
176.27.168.0/22,176.27.168.0,176.27.171.255
176.249.0.0/22,176.249.0.0,176.249.3.255
176.249.144.0/22,176.249.144.0,176.249.147.255
176.250.224.0/22,176.250.224.0,176.250.227.255
176.251.200.0/22,176.251.200.0,176.251.203.255
176.252.0.0/22,176.252.0.0,176.252.3.255
176.252.24.0/22,176.252.24.0,176.252.27.255
176.252.240.0/22,176.252.240.0,176.252.243.255
176.253.20.0/22,176.253.20.0,176.253.23.255
176.253.64.0/22,176.253.64.0,176.253.67.255
176.253.80.0/22,176.253.80.0,176.253.83.255
176.253.104.0/22,176.253.104.0,176.253.107.255
176.253.128.0/22,176.253.128.0,176.253.131.255
176.253.164.0/22,176.253.164.0,176.253.167.255
176.253.232.0/22,176.253.232.0,176.253.235.255
176.254.44.0/22,176.254.44.0,176.254.47.255
176.254.52.0/22,176.254.52.0,176.254.55.255
176.254.96.0/22,176.254.96.0,176.254.99.255
188.222.100.0/22,188.222.100.0,188.222.103.255
2.120.20.0/22,2.120.20.0,2.120.23.255
2.120.24.0/21,2.120.24.0,2.120.31.255
2.120.44.0/22,2.120.44.0,2.120.47.255
2.120.52.0/22,2.120.52.0,2.120.55.255
2.120.56.0/21,2.120.56.0,2.120.63.255
2.120.64.0/22,2.120.64.0,2.120.67.255
2.120.72.0/21,2.120.72.0,2.120.79.255
2.120.88.0/21,2.120.88.0,2.120.95.255
2.120.96.0/19,2.120.96.0,2.120.127.255
2.120.140.0/22,2.120.140.0,2.120.143.255
2.120.144.0/22,2.120.144.0,2.120.147.255
2.120.152.0/21,2.120.152.0,2.120.159.255
2.120.160.0/20,2.120.160.0,2.120.175.255
2.120.176.0/21,2.120.176.0,2.120.183.255
2.120.196.0/22,2.120.196.0,2.120.199.255
2.120.200.0/21,2.120.200.0,2.120.207.255
2.120.208.0/20,2.120.208.0,2.120.223.255
2.120.224.0/21,2.120.224.0,2.120.231.255
2.120.232.0/22,2.120.232.0,2.120.235.255
2.120.240.0/20,2.120.240.0,2.120.255.255
2.121.0.0/19,2.121.0.0,2.121.31.255
2.121.36.0/22,2.121.36.0,2.121.39.255
2.121.40.0/21,2.121.40.0,2.121.47.255
2.121.72.0/21,2.121.72.0,2.121.79.255
2.121.80.0/20,2.121.80.0,2.121.95.255
2.121.96.0/20,2.121.96.0,2.121.111.255
2.121.116.0/22,2.121.116.0,2.121.119.255
2.121.120.0/21,2.121.120.0,2.121.127.255
2.121.148.0/22,2.121.148.0,2.121.151.255
2.121.176.0/22,2.121.176.0,2.121.179.255
2.121.208.0/21,2.121.208.0,2.121.215.255
2.121.220.0/22,2.121.220.0,2.121.223.255
2.122.76.0/22,2.122.76.0,2.122.79.255
2.122.84.0/22,2.122.84.0,2.122.87.255
2.122.88.0/21,2.122.88.0,2.122.95.255
2.122.112.0/22,2.122.112.0,2.122.115.255
2.122.120.0/22,2.122.120.0,2.122.123.255
2.122.128.0/22,2.122.128.0,2.122.131.255
2.122.136.0/22,2.122.136.0,2.122.139.255
2.122.148.0/22,2.122.148.0,2.122.151.255
2.122.152.0/21,2.122.152.0,2.122.159.255
2.122.164.0/22,2.122.164.0,2.122.167.255
2.122.168.0/21,2.122.168.0,2.122.175.255
2.122.176.0/21,2.122.176.0,2.122.183.255
2.122.188.0/22,2.122.188.0,2.122.191.255
2.122.192.0/22,2.122.192.0,2.122.195.255
2.122.204.0/22,2.122.204.0,2.122.207.255
2.122.216.0/22,2.122.216.0,2.122.219.255
2.122.224.0/21,2.122.224.0,2.122.231.255
2.122.236.0/22,2.122.236.0,2.122.239.255
2.122.240.0/21,2.122.240.0,2.122.247.255
2.122.252.0/22,2.122.252.0,2.122.255.255
2.123.0.0/21,2.123.0.0,2.123.7.255
2.123.20.0/22,2.123.20.0,2.123.23.255
2.123.24.0/22,2.123.24.0,2.123.27.255
2.123.32.0/20,2.123.32.0,2.123.47.255
2.123.48.0/21,2.123.48.0,2.123.55.255
2.123.64.0/19,2.123.64.0,2.123.95.255
2.123.96.0/21,2.123.96.0,2.123.103.255
2.123.112.0/22,2.123.112.0,2.123.115.255
2.123.128.0/19,2.123.128.0,2.123.159.255
2.123.172.0/22,2.123.172.0,2.123.175.255
2.123.180.0/22,2.123.180.0,2.123.183.255
2.123.184.0/21,2.123.184.0,2.123.191.255
2.123.192.0/22,2.123.192.0,2.123.195.255
2.123.200.0/21,2.123.200.0,2.123.207.255
2.123.208.0/21,2.123.208.0,2.123.215.255
2.123.216.0/22,2.123.216.0,2.123.219.255
2.123.232.0/21,2.123.232.0,2.123.239.255
2.123.240.0/20,2.123.240.0,2.123.255.255
2.124.0.0/19,2.124.0.0,2.124.31.255
2.121.244.0/22,2.121.244.0,2.121.247.255
2.122.0.0/21,2.122.0.0,2.122.7.255
2.122.16.0/22,2.122.16.0,2.122.19.255
2.122.32.0/22,2.122.32.0,2.122.35.255
2.122.44.0/22,2.122.44.0,2.122.47.255
2.122.48.0/20,2.122.48.0,2.122.63.255
2.122.64.0/22,2.122.64.0,2.122.67.255
2.124.32.0/20,2.124.32.0,2.124.47.255
2.124.48.0/22,2.124.48.0,2.124.51.255
2.124.60.0/22,2.124.60.0,2.124.63.255
2.124.64.0/22,2.124.64.0,2.124.67.255
2.124.76.0/22,2.124.76.0,2.124.79.255
2.124.80.0/21,2.124.80.0,2.124.87.255
2.124.88.0/22,2.124.88.0,2.124.91.255
2.124.96.0/19,2.124.96.0,2.124.127.255
2.124.128.0/21,2.124.128.0,2.124.135.255
2.124.140.0/22,2.124.140.0,2.124.143.255
2.124.144.0/22,2.124.144.0,2.124.147.255
2.124.152.0/21,2.124.152.0,2.124.159.255
2.124.160.0/21,2.124.160.0,2.124.167.255
2.124.168.0/22,2.124.168.0,2.124.171.255
2.124.176.0/22,2.124.176.0,2.124.179.255
2.124.184.0/21,2.124.184.0,2.124.191.255
2.124.196.0/22,2.124.196.0,2.124.199.255
2.124.204.0/22,2.124.204.0,2.124.207.255
2.124.208.0/20,2.124.208.0,2.124.223.255
2.124.228.0/22,2.124.228.0,2.124.231.255
2.124.232.0/21,2.124.232.0,2.124.239.255
2.124.244.0/22,2.124.244.0,2.124.247.255
2.124.248.0/21,2.124.248.0,2.124.255.255
2.125.0.0/19,2.125.0.0,2.125.31.255
2.125.32.0/22,2.125.32.0,2.125.35.255
2.125.44.0/22,2.125.44.0,2.125.47.255
2.125.48.0/20,2.125.48.0,2.125.63.255
2.125.64.0/19,2.125.64.0,2.125.95.255
2.125.96.0/20,2.125.96.0,2.125.111.255
2.125.112.0/21,2.125.112.0,2.125.119.255
2.125.128.0/20,2.125.128.0,2.125.143.255
2.125.144.0/21,2.125.144.0,2.125.151.255
2.125.156.0/22,2.125.156.0,2.125.159.255
2.125.160.0/21,2.125.160.0,2.125.167.255
2.125.168.0/22,2.125.168.0,2.125.171.255
2.125.176.0/20,2.125.176.0,2.125.191.255
2.125.192.0/21,2.125.192.0,2.125.199.255
2.125.208.0/21,2.125.208.0,2.125.215.255
2.125.216.0/22,2.125.216.0,2.125.219.255
2.125.224.0/20,2.125.224.0,2.125.239.255
2.125.240.0/21,2.125.240.0,2.125.247.255
2.125.252.0/22,2.125.252.0,2.125.255.255
2.126.0.0/21,2.126.0.0,2.126.7.255
2.126.12.0/22,2.126.12.0,2.126.15.255
2.126.16.0/20,2.126.16.0,2.126.31.255
2.126.32.0/19,2.126.32.0,2.126.63.255
2.126.64.0/19,2.126.64.0,2.126.95.255
2.126.96.0/21,2.126.96.0,2.126.103.255
2.126.108.0/22,2.126.108.0,2.126.111.255
2.126.112.0/20,2.126.112.0,2.126.127.255
2.126.128.0/20,2.126.128.0,2.126.143.255
2.126.148.0/22,2.126.148.0,2.126.151.255
2.126.152.0/22,2.126.152.0,2.126.155.255
2.126.160.0/20,2.126.160.0,2.126.175.255
2.126.176.0/22,2.126.176.0,2.126.179.255
2.126.184.0/21,2.126.184.0,2.126.191.255
2.126.196.0/22,2.126.196.0,2.126.199.255
2.126.200.0/21,2.126.200.0,2.126.207.255
2.126.208.0/20,2.126.208.0,2.126.223.255
2.126.224.0/21,2.126.224.0,2.126.231.255
2.126.236.0/22,2.126.236.0,2.126.239.255
2.126.240.0/20,2.126.240.0,2.126.255.255
2.127.0.0/19,2.127.0.0,2.127.31.255
2.127.32.0/21,2.127.32.0,2.127.39.255
2.127.48.0/20,2.127.48.0,2.127.63.255
2.127.64.0/19,2.127.64.0,2.127.95.255
2.127.100.0/22,2.127.100.0,2.127.103.255
2.127.104.0/21,2.127.104.0,2.127.111.255
2.127.124.0/22,2.127.124.0,2.127.127.255
2.127.192.0/20,2.127.192.0,2.127.207.255
2.127.208.0/21,2.127.208.0,2.127.215.255
2.127.216.0/22,2.127.216.0,2.127.219.255
2.127.224.0/21,2.127.224.0,2.127.231.255
2.127.232.0/22,2.127.232.0,2.127.235.255
2.216.0.0/18,2.216.0.0,2.216.63.255
2.216.64.0/21,2.216.64.0,2.216.71.255
2.216.72.0/22,2.216.72.0,2.216.75.255
2.216.84.0/22,2.216.84.0,2.216.87.255
2.216.88.0/22,2.216.88.0,2.216.91.255
2.216.96.0/19,2.216.96.0,2.216.127.255
2.216.128.0/17,2.216.128.0,2.216.255.255
2.217.0.0/18,2.217.0.0,2.217.63.255
2.217.64.0/20,2.217.64.0,2.217.79.255
2.217.80.0/21,2.217.80.0,2.217.87.255
2.217.92.0/22,2.217.92.0,2.217.95.255
2.217.96.0/20,2.217.96.0,2.217.111.255
2.217.112.0/21,2.217.112.0,2.217.119.255
2.217.120.0/22,2.217.120.0,2.217.123.255
2.217.128.0/20,2.217.128.0,2.217.143.255
2.217.144.0/21,2.217.144.0,2.217.151.255
2.217.156.0/22,2.217.156.0,2.217.159.255
2.217.160.0/19,2.217.160.0,2.217.191.255
2.217.192.0/20,2.217.192.0,2.217.207.255
2.217.208.0/22,2.217.208.0,2.217.211.255
2.217.216.0/21,2.217.216.0,2.217.223.255
2.217.224.0/19,2.217.224.0,2.217.255.255
2.218.0.0/20,2.218.0.0,2.218.15.255
2.218.16.0/21,2.218.16.0,2.218.23.255
2.218.24.0/22,2.218.24.0,2.218.27.255
2.218.32.0/19,2.218.32.0,2.218.63.255
2.218.64.0/18,2.218.64.0,2.218.127.255
2.218.132.0/22,2.218.132.0,2.218.135.255
2.218.136.0/21,2.218.136.0,2.218.143.255
2.218.144.0/20,2.218.144.0,2.218.159.255
2.218.160.0/19,2.218.160.0,2.218.191.255
2.218.196.0/22,2.218.196.0,2.218.199.255
2.218.200.0/21,2.218.200.0,2.218.207.255
2.218.208.0/20,2.218.208.0,2.218.223.255
2.218.224.0/21,2.218.224.0,2.218.231.255
2.218.232.0/22,2.218.232.0,2.218.235.255
2.218.240.0/20,2.218.240.0,2.218.255.255
2.219.0.0/19,2.219.0.0,2.219.31.255
2.219.32.0/20,2.219.32.0,2.219.47.255
2.219.48.0/21,2.219.48.0,2.219.55.255
2.219.56.0/22,2.219.56.0,2.219.59.255
2.219.64.0/19,2.219.64.0,2.219.95.255
2.219.96.0/21,2.219.96.0,2.219.103.255
2.219.108.0/22,2.219.108.0,2.219.111.255
2.219.116.0/22,2.219.116.0,2.219.119.255
2.219.120.0/21,2.219.120.0,2.219.127.255
2.219.132.0/22,2.219.132.0,2.219.135.255
2.219.136.0/21,2.219.136.0,2.219.143.255
2.219.144.0/20,2.219.144.0,2.219.159.255
2.219.160.0/22,2.219.160.0,2.219.163.255
2.219.168.0/21,2.219.168.0,2.219.175.255
2.219.176.0/21,2.219.176.0,2.219.183.255
2.219.188.0/22,2.219.188.0,2.219.191.255
2.219.192.0/18,2.219.192.0,2.219.255.255
2.220.0.0/18,2.220.0.0,2.220.63.255
2.220.64.0/20,2.220.64.0,2.220.79.255
2.220.80.0/21,2.220.80.0,2.220.87.255
2.220.88.0/22,2.220.88.0,2.220.91.255
2.220.96.0/19,2.220.96.0,2.220.127.255
2.220.132.0/22,2.220.132.0,2.220.135.255
2.220.136.0/21,2.220.136.0,2.220.143.255
2.220.144.0/20,2.220.144.0,2.220.159.255
2.220.164.0/22,2.220.164.0,2.220.167.255
2.220.168.0/21,2.220.168.0,2.220.175.255
2.220.176.0/20,2.220.176.0,2.220.191.255
2.220.192.0/22,2.220.192.0,2.220.195.255
2.220.200.0/21,2.220.200.0,2.220.207.255
2.220.208.0/20,2.220.208.0,2.220.223.255
2.220.224.0/19,2.220.224.0,2.220.255.255
2.221.0.0/20,2.221.0.0,2.221.15.255
2.221.16.0/22,2.221.16.0,2.221.19.255
2.221.24.0/21,2.221.24.0,2.221.31.255
2.221.32.0/19,2.221.32.0,2.221.63.255
2.221.64.0/21,2.221.64.0,2.221.71.255
2.221.72.0/22,2.221.72.0,2.221.75.255
2.221.80.0/20,2.221.80.0,2.221.95.255
2.221.96.0/22,2.221.96.0,2.221.99.255
2.221.104.0/21,2.221.104.0,2.221.111.255
2.221.112.0/20,2.221.112.0,2.221.127.255
2.221.128.0/20,2.221.128.0,2.221.143.255
2.221.144.0/21,2.221.144.0,2.221.151.255
2.221.156.0/22,2.221.156.0,2.221.159.255
2.221.160.0/19,2.221.160.0,2.221.191.255
2.221.192.0/19,2.221.192.0,2.221.223.255
2.221.224.0/21,2.221.224.0,2.221.231.255
2.221.236.0/22,2.221.236.0,2.221.239.255
2.221.240.0/20,2.221.240.0,2.221.255.255
2.222.0.0/21,2.222.0.0,2.222.7.255
2.222.12.0/22,2.222.12.0,2.222.15.255
2.222.16.0/20,2.222.16.0,2.222.31.255
2.222.32.0/22,2.222.32.0,2.222.35.255
2.222.40.0/21,2.222.40.0,2.222.47.255
2.222.48.0/20,2.222.48.0,2.222.63.255
2.222.64.0/19,2.222.64.0,2.222.95.255
2.222.96.0/20,2.222.96.0,2.222.111.255
2.222.120.0/21,2.222.120.0,2.222.127.255
2.222.128.0/19,2.222.128.0,2.222.159.255
2.222.160.0/21,2.222.160.0,2.222.167.255
2.222.172.0/22,2.222.172.0,2.222.175.255
2.222.176.0/20,2.222.176.0,2.222.191.255
2.222.192.0/22,2.222.192.0,2.222.195.255
2.222.200.0/21,2.222.200.0,2.222.207.255
2.222.208.0/20,2.222.208.0,2.222.223.255
2.222.224.0/19,2.222.224.0,2.222.255.255
2.223.0.0/20,2.223.0.0,2.223.15.255
2.223.16.0/22,2.223.16.0,2.223.19.255
2.223.24.0/21,2.223.24.0,2.223.31.255
2.223.32.0/20,2.223.32.0,2.223.47.255
2.223.52.0/22,2.223.52.0,2.223.55.255
2.223.56.0/21,2.223.56.0,2.223.63.255
2.223.64.0/19,2.223.64.0,2.223.95.255
2.223.100.0/22,2.223.100.0,2.223.103.255
2.223.104.0/21,2.223.104.0,2.223.111.255
2.223.112.0/20,2.223.112.0,2.223.127.255
2.223.128.0/21,2.223.128.0,2.223.135.255
2.223.136.0/22,2.223.136.0,2.223.139.255
2.223.144.0/20,2.223.144.0,2.223.159.255
2.223.160.0/20,2.223.160.0,2.223.175.255
2.223.180.0/22,2.223.180.0,2.223.183.255
2.223.188.0/22,2.223.188.0,2.223.191.255
2.223.192.0/21,2.223.192.0,2.223.199.255
2.223.204.0/22,2.223.204.0,2.223.207.255
2.223.208.0/20,2.223.208.0,2.223.223.255
2.223.228.0/22,2.223.228.0,2.223.231.255
2.223.232.0/21,2.223.232.0,2.223.239.255
2.223.240.0/21,2.223.240.0,2.223.247.255
2.223.248.0/22,2.223.248.0,2.223.251.255
5.64.0.0/20,5.64.0.0,5.64.15.255
5.64.16.0/21,5.64.16.0,5.64.23.255
5.64.24.0/22,5.64.24.0,5.64.27.255
5.64.32.0/20,5.64.32.0,5.64.47.255
5.64.48.0/21,5.64.48.0,5.64.55.255
5.64.56.0/22,5.64.56.0,5.64.59.255
5.64.64.0/21,5.64.64.0,5.64.71.255
5.64.72.0/22,5.64.72.0,5.64.75.255
5.64.80.0/20,5.64.80.0,5.64.95.255
5.64.100.0/22,5.64.100.0,5.64.103.255
5.64.108.0/22,5.64.108.0,5.64.111.255
5.64.116.0/22,5.64.116.0,5.64.119.255
5.64.120.0/22,5.64.120.0,5.64.123.255
5.64.128.0/20,5.64.128.0,5.64.143.255
5.64.144.0/22,5.64.144.0,5.64.147.255
5.64.156.0/22,5.64.156.0,5.64.159.255
5.64.160.0/21,5.64.160.0,5.64.167.255
5.64.172.0/22,5.64.172.0,5.64.175.255
5.64.176.0/21,5.64.176.0,5.64.183.255
5.64.188.0/22,5.64.188.0,5.64.191.255
5.65.0.0/19,5.65.0.0,5.65.31.255
5.65.40.0/21,5.65.40.0,5.65.47.255
5.65.60.0/22,5.65.60.0,5.65.63.255
5.65.64.0/19,5.65.64.0,5.65.95.255
5.65.96.0/22,5.65.96.0,5.65.99.255
5.65.104.0/21,5.65.104.0,5.65.111.255
5.65.112.0/22,5.65.112.0,5.65.115.255
5.65.120.0/21,5.65.120.0,5.65.127.255
5.65.128.0/21,5.65.128.0,5.65.135.255
5.65.136.0/22,5.65.136.0,5.65.139.255
5.65.152.0/22,5.65.152.0,5.65.155.255
5.65.164.0/22,5.65.164.0,5.65.167.255
5.65.168.0/21,5.65.168.0,5.65.175.255
5.65.176.0/22,5.65.176.0,5.65.179.255
5.65.184.0/21,5.65.184.0,5.65.191.255
5.65.192.0/20,5.65.192.0,5.65.207.255
5.65.208.0/21,5.65.208.0,5.65.215.255
5.65.216.0/22,5.65.216.0,5.65.219.255
5.65.224.0/19,5.65.224.0,5.65.255.255
5.66.0.0/19,5.66.0.0,5.66.31.255
5.66.36.0/22,5.66.36.0,5.66.39.255
5.66.40.0/21,5.66.40.0,5.66.47.255
5.66.52.0/22,5.66.52.0,5.66.55.255
5.66.56.0/21,5.66.56.0,5.66.63.255
5.66.64.0/21,5.66.64.0,5.66.71.255
5.66.72.0/22,5.66.72.0,5.66.75.255
5.66.80.0/20,5.66.80.0,5.66.95.255
5.66.96.0/21,5.66.96.0,5.66.103.255
5.66.108.0/22,5.66.108.0,5.66.111.255
5.66.116.0/22,5.66.116.0,5.66.119.255
5.66.124.0/22,5.66.124.0,5.66.127.255
5.66.128.0/20,5.66.128.0,5.66.143.255
5.66.148.0/22,5.66.148.0,5.66.151.255
5.66.152.0/21,5.66.152.0,5.66.159.255
5.66.160.0/21,5.66.160.0,5.66.167.255
5.66.168.0/22,5.66.168.0,5.66.171.255
5.66.176.0/20,5.66.176.0,5.66.191.255
5.66.192.0/19,5.66.192.0,5.66.223.255
5.66.228.0/22,5.66.228.0,5.66.231.255
5.66.232.0/21,5.66.232.0,5.66.239.255
5.66.240.0/20,5.66.240.0,5.66.255.255
5.67.0.0/21,5.67.0.0,5.67.7.255
5.67.8.0/22,5.67.8.0,5.67.11.255
5.67.16.0/21,5.67.16.0,5.67.23.255
5.67.28.0/22,5.67.28.0,5.67.31.255
5.67.32.0/20,5.67.32.0,5.67.47.255
5.67.56.0/21,5.67.56.0,5.67.63.255
5.67.68.0/22,5.67.68.0,5.67.71.255
5.67.72.0/21,5.67.72.0,5.67.79.255
5.67.80.0/20,5.67.80.0,5.67.95.255
5.67.96.0/21,5.67.96.0,5.67.103.255
5.67.112.0/22,5.67.112.0,5.67.115.255
5.67.120.0/22,5.67.120.0,5.67.123.255
5.67.128.0/19,5.67.128.0,5.67.159.255
5.67.172.0/22,5.67.172.0,5.67.175.255
5.67.176.0/20,5.67.176.0,5.67.191.255
5.67.192.0/20,5.67.192.0,5.67.207.255
5.67.208.0/22,5.67.208.0,5.67.211.255
5.67.216.0/21,5.67.216.0,5.67.223.255
5.67.224.0/21,5.67.224.0,5.67.231.255
5.67.232.0/22,5.67.232.0,5.67.235.255
5.67.244.0/22,5.67.244.0,5.67.247.255
5.67.248.0/22,5.67.248.0,5.67.251.255
5.68.0.0/19,5.68.0.0,5.68.31.255
5.68.32.0/20,5.68.32.0,5.68.47.255
5.68.48.0/21,5.68.48.0,5.68.55.255
5.68.60.0/22,5.68.60.0,5.68.63.255
5.68.64.0/21,5.68.64.0,5.68.71.255
5.68.76.0/22,5.68.76.0,5.68.79.255
5.68.80.0/20,5.68.80.0,5.68.95.255
5.68.96.0/19,5.68.96.0,5.68.127.255
5.68.128.0/19,5.68.128.0,5.68.159.255
5.68.160.0/20,5.68.160.0,5.68.175.255
5.68.176.0/22,5.68.176.0,5.68.179.255
5.68.184.0/21,5.68.184.0,5.68.191.255
5.68.192.0/18,5.68.192.0,5.68.255.255
5.69.0.0/20,5.69.0.0,5.69.15.255
5.69.16.0/21,5.69.16.0,5.69.23.255
5.69.32.0/22,5.69.32.0,5.69.35.255
5.69.40.0/21,5.69.40.0,5.69.47.255
5.69.48.0/21,5.69.48.0,5.69.55.255
5.69.56.0/22,5.69.56.0,5.69.59.255
5.69.64.0/19,5.69.64.0,5.69.95.255
5.69.96.0/20,5.69.96.0,5.69.111.255
5.69.112.0/21,5.69.112.0,5.69.119.255
5.69.124.0/22,5.69.124.0,5.69.127.255
5.69.128.0/19,5.69.128.0,5.69.159.255
5.69.160.0/22,5.69.160.0,5.69.163.255
5.69.168.0/21,5.69.168.0,5.69.175.255
5.69.176.0/22,5.69.176.0,5.69.179.255
5.69.184.0/21,5.69.184.0,5.69.191.255
5.69.192.0/18,5.69.192.0,5.69.255.255
5.70.0.0/22,5.70.0.0,5.70.3.255
5.70.8.0/22,5.70.8.0,5.70.11.255
5.70.16.0/22,5.70.16.0,5.70.19.255
5.70.24.0/21,5.70.24.0,5.70.31.255
5.70.32.0/21,5.70.32.0,5.70.39.255
5.70.44.0/22,5.70.44.0,5.70.47.255
5.70.48.0/21,5.70.48.0,5.70.55.255
5.70.56.0/22,5.70.56.0,5.70.59.255
5.70.64.0/18,5.70.64.0,5.70.127.255
5.70.128.0/20,5.70.128.0,5.70.143.255
5.70.144.0/21,5.70.144.0,5.70.151.255
5.70.152.0/22,5.70.152.0,5.70.155.255
5.70.160.0/20,5.70.160.0,5.70.175.255
5.70.180.0/22,5.70.180.0,5.70.183.255
5.70.184.0/21,5.70.184.0,5.70.191.255
5.70.192.0/19,5.70.192.0,5.70.223.255
5.70.224.0/22,5.70.224.0,5.70.227.255
5.70.232.0/21,5.70.232.0,5.70.239.255
5.70.240.0/20,5.70.240.0,5.70.255.255
5.71.0.0/22,5.71.0.0,5.71.3.255
5.71.8.0/21,5.71.8.0,5.71.15.255
5.71.16.0/20,5.71.16.0,5.71.31.255
5.71.32.0/21,5.71.32.0,5.71.39.255
5.71.40.0/22,5.71.40.0,5.71.43.255
5.71.48.0/20,5.71.48.0,5.71.63.255
5.71.68.0/22,5.71.68.0,5.71.71.255
5.71.72.0/21,5.71.72.0,5.71.79.255
5.71.80.0/22,5.71.80.0,5.71.83.255
5.71.88.0/21,5.71.88.0,5.71.95.255
5.71.96.0/19,5.71.96.0,5.71.127.255
5.71.128.0/21,5.71.128.0,5.71.135.255
5.71.140.0/22,5.71.140.0,5.71.143.255
5.71.144.0/20,5.71.144.0,5.71.159.255
5.71.160.0/19,5.71.160.0,5.71.191.255
5.71.192.0/19,5.71.192.0,5.71.223.255
5.71.224.0/20,5.71.224.0,5.71.239.255
5.71.240.0/21,5.71.240.0,5.71.247.255
5.71.248.0/22,5.71.248.0,5.71.251.255
46.64.16.0/20,46.64.16.0,46.64.31.255
46.64.32.0/19,46.64.32.0,46.64.63.255
46.64.64.0/20,46.64.64.0,46.64.79.255
46.64.84.0/22,46.64.84.0,46.64.87.255
46.64.88.0/21,46.64.88.0,46.64.95.255
46.64.96.0/19,46.64.96.0,46.64.127.255
46.64.128.0/21,46.64.128.0,46.64.135.255
46.64.140.0/22,46.64.140.0,46.64.143.255
46.64.144.0/20,46.64.144.0,46.64.159.255
46.64.160.0/19,46.64.160.0,46.64.191.255
46.64.192.0/20,46.64.192.0,46.64.207.255
46.64.208.0/21,46.64.208.0,46.64.215.255
46.64.220.0/22,46.64.220.0,46.64.223.255
46.64.224.0/20,46.64.224.0,46.64.239.255
46.64.240.0/22,46.64.240.0,46.64.243.255
46.64.248.0/22,46.64.248.0,46.64.251.255
46.65.0.0/17,46.65.0.0,46.65.127.255
46.65.128.0/20,46.65.128.0,46.65.143.255
46.65.144.0/22,46.65.144.0,46.65.147.255
46.65.152.0/21,46.65.152.0,46.65.159.255
46.65.160.0/19,46.65.160.0,46.65.191.255
46.65.192.0/19,46.65.192.0,46.65.223.255
46.65.224.0/20,46.65.224.0,46.65.239.255
46.65.240.0/21,46.65.240.0,46.65.247.255
46.65.248.0/22,46.65.248.0,46.65.251.255
51.19.0.0/18,51.19.0.0,51.19.63.255
51.19.64.0/19,51.19.64.0,51.19.95.255
51.19.104.0/21,51.19.104.0,51.19.111.255
51.19.112.0/21,51.19.112.0,51.19.119.255
51.19.124.0/22,51.19.124.0,51.19.127.255
51.19.128.0/17,51.19.128.0,51.19.255.255
51.146.0.0/18,51.146.0.0,51.146.63.255
51.146.64.0/19,51.146.64.0,51.146.95.255
51.146.104.0/21,51.146.104.0,51.146.111.255
51.146.112.0/20,51.146.112.0,51.146.127.255
51.146.128.0/17,51.146.128.0,51.146.255.255
51.190.0.0/16,51.190.0.0,51.190.255.255
51.194.0.0/19,51.194.0.0,51.194.31.255
51.194.32.0/21,51.194.32.0,51.194.39.255
51.194.44.0/22,51.194.44.0,51.194.47.255
51.194.48.0/21,51.194.48.0,51.194.55.255
51.194.60.0/22,51.194.60.0,51.194.63.255
51.194.64.0/19,51.194.64.0,51.194.95.255
51.194.96.0/22,51.194.96.0,51.194.99.255
51.194.104.0/21,51.194.104.0,51.194.111.255
51.194.112.0/20,51.194.112.0,51.194.127.255
51.194.128.0/17,51.194.128.0,51.194.255.255
51.198.0.0/18,51.198.0.0,51.198.63.255
51.198.128.0/17,51.198.128.0,51.198.255.255
51.241.0.0/18,51.241.0.0,51.241.63.255
51.241.64.0/19,51.241.64.0,51.241.95.255
51.241.112.0/20,51.241.112.0,51.241.127.255
51.241.128.0/20,51.241.128.0,51.241.143.255
51.241.144.0/22,51.241.144.0,51.241.147.255
51.241.152.0/21,51.241.152.0,51.241.159.255
51.241.160.0/19,51.241.160.0,51.241.191.255
51.241.192.0/18,51.241.192.0,51.241.255.255
78.105.0.0/19,78.105.0.0,78.105.31.255
78.105.32.0/21,78.105.32.0,78.105.39.255
78.105.44.0/22,78.105.44.0,78.105.47.255
78.105.48.0/20,78.105.48.0,78.105.63.255
78.105.64.0/19,78.105.64.0,78.105.95.255
78.105.104.0/21,78.105.104.0,78.105.111.255
78.105.112.0/20,78.105.112.0,78.105.127.255
78.105.128.0/17,78.105.128.0,78.105.255.255
87.80.0.0/16,87.80.0.0,87.80.255.255
87.81.20.0/22,87.81.20.0,87.81.23.255
87.81.24.0/21,87.81.24.0,87.81.31.255
87.81.32.0/19,87.81.32.0,87.81.63.255
87.81.64.0/18,87.81.64.0,87.81.127.255
87.81.252.0/22,87.81.252.0,87.81.255.255
90.192.0.0/19,90.192.0.0,90.192.31.255
90.192.36.0/22,90.192.36.0,90.192.39.255
90.192.40.0/21,90.192.40.0,90.192.47.255
90.192.48.0/20,90.192.48.0,90.192.63.255
90.192.64.0/20,90.192.64.0,90.192.79.255
90.192.80.0/21,90.192.80.0,90.192.87.255
90.192.92.0/22,90.192.92.0,90.192.95.255
90.192.96.0/19,90.192.96.0,90.192.127.255
90.192.132.0/22,90.192.132.0,90.192.135.255
90.192.136.0/21,90.192.136.0,90.192.143.255
90.192.144.0/20,90.192.144.0,90.192.159.255
90.192.160.0/19,90.192.160.0,90.192.191.255
90.192.192.0/18,90.192.192.0,90.192.255.255
90.193.0.0/19,90.193.0.0,90.193.31.255
90.193.36.0/22,90.193.36.0,90.193.39.255
90.193.40.0/21,90.193.40.0,90.193.47.255
90.193.48.0/20,90.193.48.0,90.193.63.255
90.193.64.0/18,90.193.64.0,90.193.127.255
90.193.128.0/19,90.193.128.0,90.193.159.255
90.193.168.0/21,90.193.168.0,90.193.175.255
90.193.176.0/20,90.193.176.0,90.193.191.255
90.193.192.0/18,90.193.192.0,90.193.255.255
90.194.0.0/19,90.194.0.0,90.194.31.255
90.194.32.0/20,90.194.32.0,90.194.47.255
90.194.48.0/21,90.194.48.0,90.194.55.255
90.194.60.0/22,90.194.60.0,90.194.63.255
90.194.64.0/19,90.194.64.0,90.194.95.255
90.194.96.0/20,90.194.96.0,90.194.111.255
90.194.112.0/21,90.194.112.0,90.194.119.255
90.194.120.0/22,90.194.120.0,90.194.123.255
90.194.128.0/17,90.194.128.0,90.194.255.255
90.195.0.0/18,90.195.0.0,90.195.63.255
90.195.68.0/22,90.195.68.0,90.195.71.255
90.195.72.0/21,90.195.72.0,90.195.79.255
90.195.80.0/20,90.195.80.0,90.195.95.255
90.195.96.0/19,90.195.96.0,90.195.127.255
90.195.128.0/18,90.195.128.0,90.195.191.255
90.195.192.0/19,90.195.192.0,90.195.223.255
90.195.224.0/20,90.195.224.0,90.195.239.255
90.195.240.0/21,90.195.240.0,90.195.247.255
90.195.248.0/22,90.195.248.0,90.195.251.255
90.196.0.0/17,90.196.0.0,90.196.127.255
90.196.128.0/19,90.196.128.0,90.196.159.255
90.196.164.0/22,90.196.164.0,90.196.167.255
90.196.168.0/21,90.196.168.0,90.196.175.255
90.196.176.0/20,90.196.176.0,90.196.191.255
90.196.192.0/18,90.196.192.0,90.196.255.255
90.197.0.0/20,90.197.0.0,90.197.15.255
90.197.20.0/22,90.197.20.0,90.197.23.255
90.197.24.0/21,90.197.24.0,90.197.31.255
90.197.32.0/19,90.197.32.0,90.197.63.255
90.197.64.0/18,90.197.64.0,90.197.127.255
90.197.128.0/19,90.197.128.0,90.197.159.255
90.197.160.0/20,90.197.160.0,90.197.175.255
90.197.176.0/21,90.197.176.0,90.197.183.255
90.197.184.0/22,90.197.184.0,90.197.187.255
90.197.192.0/19,90.197.192.0,90.197.223.255
90.197.228.0/22,90.197.228.0,90.197.231.255
90.197.232.0/21,90.197.232.0,90.197.239.255
90.197.240.0/20,90.197.240.0,90.197.255.255
90.198.0.0/16,90.198.0.0,90.198.255.255
90.199.0.0/19,90.199.0.0,90.199.31.255
90.199.32.0/20,90.199.32.0,90.199.47.255
90.199.48.0/21,90.199.48.0,90.199.55.255
90.199.60.0/22,90.199.60.0,90.199.63.255
90.199.64.0/19,90.199.64.0,90.199.95.255
90.199.96.0/20,90.199.96.0,90.199.111.255
90.199.112.0/21,90.199.112.0,90.199.119.255
90.199.120.0/22,90.199.120.0,90.199.123.255
90.199.128.0/19,90.199.128.0,90.199.159.255
90.199.164.0/22,90.199.164.0,90.199.167.255
90.199.168.0/21,90.199.168.0,90.199.175.255
90.199.176.0/20,90.199.176.0,90.199.191.255
90.199.192.0/18,90.199.192.0,90.199.255.255
90.200.0.0/16,90.200.0.0,90.200.255.255
90.201.0.0/18,90.201.0.0,90.201.63.255
90.201.64.0/19,90.201.64.0,90.201.95.255
90.201.96.0/20,90.201.96.0,90.201.111.255
90.201.112.0/21,90.201.112.0,90.201.119.255
90.201.128.0/22,90.201.128.0,90.201.131.255
90.201.136.0/21,90.201.136.0,90.201.143.255
90.201.144.0/20,90.201.144.0,90.201.159.255
90.201.160.0/19,90.201.160.0,90.201.191.255
90.201.192.0/20,90.201.192.0,90.201.207.255
90.201.212.0/22,90.201.212.0,90.201.215.255
90.201.216.0/21,90.201.216.0,90.201.223.255
90.201.224.0/19,90.201.224.0,90.201.255.255
90.202.0.0/17,90.202.0.0,90.202.127.255
90.202.128.0/19,90.202.128.0,90.202.159.255
90.202.160.0/20,90.202.160.0,90.202.175.255
90.202.176.0/21,90.202.176.0,90.202.183.255
90.202.188.0/22,90.202.188.0,90.202.191.255
90.202.192.0/18,90.202.192.0,90.202.255.255
90.203.0.0/17,90.203.0.0,90.203.127.255
90.203.128.0/18,90.203.128.0,90.203.191.255
90.203.192.0/19,90.203.192.0,90.203.223.255
90.203.228.0/22,90.203.228.0,90.203.231.255
90.203.232.0/21,90.203.232.0,90.203.239.255
90.203.240.0/20,90.203.240.0,90.203.255.255
90.204.0.0/16,90.204.0.0,90.204.255.255
90.205.0.0/17,90.205.0.0,90.205.127.255
90.205.128.0/18,90.205.128.0,90.205.191.255
90.205.192.0/20,90.205.192.0,90.205.207.255
90.205.208.0/22,90.205.208.0,90.205.211.255
90.205.216.0/21,90.205.216.0,90.205.223.255
90.205.224.0/19,90.205.224.0,90.205.255.255
90.206.0.0/16,90.206.0.0,90.206.255.255
90.207.0.0/18,90.207.0.0,90.207.63.255
90.207.64.0/19,90.207.64.0,90.207.95.255
90.207.100.0/22,90.207.100.0,90.207.103.255
90.207.104.0/21,90.207.104.0,90.207.111.255
90.207.112.0/20,90.207.112.0,90.207.127.255
90.207.128.0/18,90.207.128.0,90.207.191.255
90.207.192.0/22,90.207.192.0,90.207.195.255
90.207.200.0/21,90.207.200.0,90.207.207.255
90.207.208.0/20,90.207.208.0,90.207.223.255
90.208.0.0/18,90.208.0.0,90.208.63.255
90.208.64.0/19,90.208.64.0,90.208.95.255
90.208.96.0/20,90.208.96.0,90.208.111.255
90.208.116.0/22,90.208.116.0,90.208.119.255
90.208.124.0/22,90.208.124.0,90.208.127.255
90.208.128.0/17,90.208.128.0,90.208.255.255
90.209.0.0/17,90.209.0.0,90.209.127.255
90.209.128.0/18,90.209.128.0,90.209.191.255
90.209.192.0/19,90.209.192.0,90.209.223.255
90.209.228.0/22,90.209.228.0,90.209.231.255
90.209.232.0/21,90.209.232.0,90.209.239.255
90.209.240.0/20,90.209.240.0,90.209.255.255
90.210.0.0/18,90.210.0.0,90.210.63.255
90.210.68.0/22,90.210.68.0,90.210.71.255
90.210.72.0/21,90.210.72.0,90.210.79.255
90.210.80.0/20,90.210.80.0,90.210.95.255
90.210.96.0/19,90.210.96.0,90.210.127.255
90.210.128.0/17,90.210.128.0,90.210.255.255
90.211.0.0/17,90.211.0.0,90.211.127.255
90.211.128.0/19,90.211.128.0,90.211.159.255
90.211.160.0/20,90.211.160.0,90.211.175.255
90.211.180.0/22,90.211.180.0,90.211.183.255
90.211.184.0/21,90.211.184.0,90.211.191.255
90.211.192.0/18,90.211.192.0,90.211.255.255
90.212.0.0/14,90.212.0.0,90.215.255.255
90.216.0.0/17,90.216.0.0,90.216.127.255
90.216.160.0/19,90.216.160.0,90.216.191.255
90.216.192.0/22,90.216.192.0,90.216.195.255
90.216.200.0/21,90.216.200.0,90.216.207.255
90.216.208.0/20,90.216.208.0,90.216.223.255
90.216.224.0/19,90.216.224.0,90.216.255.255
90.217.0.0/18,90.217.0.0,90.217.63.255
90.217.64.0/20,90.217.64.0,90.217.79.255
90.217.84.0/22,90.217.84.0,90.217.87.255
90.217.88.0/21,90.217.88.0,90.217.95.255
90.217.96.0/19,90.217.96.0,90.217.127.255
90.217.128.0/18,90.217.128.0,90.217.191.255
90.217.192.0/19,90.217.192.0,90.217.223.255
90.217.224.0/21,90.217.224.0,90.217.231.255
90.217.232.0/22,90.217.232.0,90.217.235.255
90.217.240.0/20,90.217.240.0,90.217.255.255
90.218.0.0/18,90.218.0.0,90.218.63.255
90.218.64.0/20,90.218.64.0,90.218.79.255
90.218.80.0/21,90.218.80.0,90.218.87.255
90.218.88.0/22,90.218.88.0,90.218.91.255
90.218.96.0/19,90.218.96.0,90.218.127.255
90.218.128.0/19,90.218.128.0,90.218.159.255
90.218.160.0/22,90.218.160.0,90.218.163.255
90.218.168.0/21,90.218.168.0,90.218.175.255
90.218.176.0/20,90.218.176.0,90.218.191.255
90.218.192.0/18,90.218.192.0,90.218.255.255
90.219.0.0/16,90.219.0.0,90.219.255.255
90.220.0.0/19,90.220.0.0,90.220.31.255
90.220.32.0/20,90.220.32.0,90.220.47.255
90.220.48.0/22,90.220.48.0,90.220.51.255
90.220.56.0/21,90.220.56.0,90.220.63.255
90.220.64.0/18,90.220.64.0,90.220.127.255
90.220.128.0/17,90.220.128.0,90.220.255.255
90.221.0.0/16,90.221.0.0,90.221.255.255
90.222.0.0/20,90.222.0.0,90.222.15.255
90.222.16.0/21,90.222.16.0,90.222.23.255
90.222.28.0/22,90.222.28.0,90.222.31.255
90.222.32.0/19,90.222.32.0,90.222.63.255
90.222.64.0/18,90.222.64.0,90.222.127.255
90.222.128.0/19,90.222.128.0,90.222.159.255
93.96.64.0/20,93.96.64.0,93.96.79.255
93.96.84.0/22,93.96.84.0,93.96.87.255
93.96.88.0/22,93.96.88.0,93.96.91.255
93.96.104.0/21,93.96.104.0,93.96.111.255
93.96.112.0/20,93.96.112.0,93.96.127.255
93.96.236.0/22,93.96.236.0,93.96.239.255
93.96.240.0/20,93.96.240.0,93.96.255.255
94.0.0.0/21,94.0.0.0,94.0.7.255
94.0.12.0/22,94.0.12.0,94.0.15.255
94.0.16.0/20,94.0.16.0,94.0.31.255
94.0.32.0/19,94.0.32.0,94.0.63.255
94.0.64.0/18,94.0.64.0,94.0.127.255
94.0.128.0/18,94.0.128.0,94.0.191.255
94.0.192.0/20,94.0.192.0,94.0.207.255
94.0.212.0/22,94.0.212.0,94.0.215.255
94.0.216.0/21,94.0.216.0,94.0.223.255
94.0.224.0/19,94.0.224.0,94.0.255.255
94.1.0.0/17,94.1.0.0,94.1.127.255
94.1.128.0/18,94.1.128.0,94.1.191.255
94.1.192.0/22,94.1.192.0,94.1.195.255
94.1.200.0/21,94.1.200.0,94.1.207.255
94.1.208.0/20,94.1.208.0,94.1.223.255
94.1.224.0/19,94.1.224.0,94.1.255.255
94.2.0.0/18,94.2.0.0,94.2.63.255
94.2.64.0/20,94.2.64.0,94.2.79.255
94.2.80.0/21,94.2.80.0,94.2.87.255
94.2.92.0/22,94.2.92.0,94.2.95.255
94.2.96.0/19,94.2.96.0,94.2.127.255
94.2.128.0/20,94.2.128.0,94.2.143.255
94.2.144.0/22,94.2.144.0,94.2.147.255
94.2.152.0/21,94.2.152.0,94.2.159.255
94.2.160.0/19,94.2.160.0,94.2.191.255
94.2.192.0/18,94.2.192.0,94.2.255.255
94.3.0.0/18,94.3.0.0,94.3.63.255
94.3.68.0/22,94.3.68.0,94.3.71.255
94.3.72.0/21,94.3.72.0,94.3.79.255
94.3.80.0/20,94.3.80.0,94.3.95.255
94.3.96.0/19,94.3.96.0,94.3.127.255
94.3.128.0/19,94.3.128.0,94.3.159.255
94.3.160.0/22,94.3.160.0,94.3.163.255
94.3.168.0/21,94.3.168.0,94.3.175.255
94.3.176.0/20,94.3.176.0,94.3.191.255
94.3.192.0/18,94.3.192.0,94.3.255.255
94.4.0.0/17,94.4.0.0,94.4.127.255
94.4.128.0/19,94.4.128.0,94.4.159.255
94.4.160.0/21,94.4.160.0,94.4.167.255
94.4.168.0/22,94.4.168.0,94.4.171.255
94.4.176.0/20,94.4.176.0,94.4.191.255
94.4.192.0/18,94.4.192.0,94.4.255.255
94.5.0.0/20,94.5.0.0,94.5.15.255
94.5.16.0/21,94.5.16.0,94.5.23.255
94.5.24.0/22,94.5.24.0,94.5.27.255
94.5.32.0/21,94.5.32.0,94.5.39.255
94.5.44.0/22,94.5.44.0,94.5.47.255
94.5.48.0/20,94.5.48.0,94.5.63.255
94.5.64.0/20,94.5.64.0,94.5.79.255
94.5.84.0/22,94.5.84.0,94.5.87.255
94.5.88.0/21,94.5.88.0,94.5.95.255
94.5.96.0/21,94.5.96.0,94.5.103.255
94.5.104.0/22,94.5.104.0,94.5.107.255
94.5.112.0/20,94.5.112.0,94.5.127.255
94.5.128.0/19,94.5.128.0,94.5.159.255
94.5.164.0/22,94.5.164.0,94.5.167.255
94.5.168.0/21,94.5.168.0,94.5.175.255
94.5.176.0/20,94.5.176.0,94.5.191.255
94.5.192.0/20,94.5.192.0,94.5.207.255
94.5.212.0/22,94.5.212.0,94.5.215.255
94.5.216.0/21,94.5.216.0,94.5.223.255
94.5.224.0/19,94.5.224.0,94.5.255.255
94.6.0.0/16,94.6.0.0,94.6.255.255
94.7.0.0/18,94.7.0.0,94.7.63.255
94.7.64.0/20,94.7.64.0,94.7.79.255
94.7.80.0/21,94.7.80.0,94.7.87.255
94.7.92.0/22,94.7.92.0,94.7.95.255
94.7.96.0/20,94.7.96.0,94.7.111.255
94.7.112.0/21,94.7.112.0,94.7.119.255
94.7.124.0/22,94.7.124.0,94.7.127.255
94.7.128.0/17,94.7.128.0,94.7.255.255
94.8.0.0/16,94.8.0.0,94.8.255.255
94.9.0.0/17,94.9.0.0,94.9.127.255
94.9.128.0/18,94.9.128.0,94.9.191.255
94.9.192.0/20,94.9.192.0,94.9.207.255
94.9.208.0/21,94.9.208.0,94.9.215.255
94.9.216.0/22,94.9.216.0,94.9.219.255
94.9.224.0/19,94.9.224.0,94.9.255.255
94.10.0.0/18,94.10.0.0,94.10.63.255
94.10.64.0/19,94.10.64.0,94.10.95.255
94.10.96.0/22,94.10.96.0,94.10.99.255
94.10.104.0/21,94.10.104.0,94.10.111.255
94.10.112.0/20,94.10.112.0,94.10.127.255
94.10.128.0/19,94.10.128.0,94.10.159.255
94.10.164.0/22,94.10.164.0,94.10.167.255
94.10.168.0/22,94.10.168.0,94.10.171.255
94.10.176.0/20,94.10.176.0,94.10.191.255
94.10.192.0/20,94.10.192.0,94.10.207.255
94.10.208.0/22,94.10.208.0,94.10.211.255
94.10.216.0/21,94.10.216.0,94.10.223.255
94.10.224.0/19,94.10.224.0,94.10.255.255
94.11.0.0/21,94.11.0.0,94.11.7.255
94.11.8.0/22,94.11.8.0,94.11.11.255
94.11.16.0/20,94.11.16.0,94.11.31.255
94.11.32.0/19,94.11.32.0,94.11.63.255
94.11.64.0/18,94.11.64.0,94.11.127.255
94.11.128.0/17,94.11.128.0,94.11.255.255
94.12.0.0/16,94.12.0.0,94.12.255.255
94.13.0.0/21,94.13.0.0,94.13.7.255
94.13.12.0/22,94.13.12.0,94.13.15.255
94.13.20.0/22,94.13.20.0,94.13.23.255
94.13.24.0/21,94.13.24.0,94.13.31.255
94.13.32.0/19,94.13.32.0,94.13.63.255
94.13.64.0/18,94.13.64.0,94.13.127.255
94.13.128.0/17,94.13.128.0,94.13.255.255
94.14.0.0/18,94.14.0.0,94.14.63.255
94.14.64.0/19,94.14.64.0,94.14.95.255
94.14.96.0/21,94.14.96.0,94.14.103.255
94.14.108.0/22,94.14.108.0,94.14.111.255
94.14.112.0/20,94.14.112.0,94.14.127.255
94.14.128.0/17,94.14.128.0,94.14.255.255
94.15.0.0/18,94.15.0.0,94.15.63.255
94.15.64.0/20,94.15.64.0,94.15.79.255
94.15.80.0/21,94.15.80.0,94.15.87.255
94.15.88.0/22,94.15.88.0,94.15.91.255
94.15.96.0/19,94.15.96.0,94.15.127.255
94.15.128.0/20,94.15.128.0,94.15.143.255
94.15.148.0/22,94.15.148.0,94.15.151.255
94.15.152.0/21,94.15.152.0,94.15.159.255
94.15.160.0/19,94.15.160.0,94.15.191.255
94.15.192.0/21,94.15.192.0,94.15.199.255
94.15.200.0/22,94.15.200.0,94.15.203.255
94.15.208.0/20,94.15.208.0,94.15.223.255
94.15.224.0/20,94.15.224.0,94.15.239.255
94.15.240.0/21,94.15.240.0,94.15.247.255
94.15.248.0/22,94.15.248.0,94.15.251.255
94.192.0.0/15,94.192.0.0,94.193.255.255
94.194.4.0/22,94.194.4.0,94.194.7.255
94.194.8.0/21,94.194.8.0,94.194.15.255
94.194.16.0/20,94.194.16.0,94.194.31.255
94.194.32.0/19,94.194.32.0,94.194.63.255
94.194.64.0/20,94.194.64.0,94.194.79.255
94.194.80.0/21,94.194.80.0,94.194.87.255
94.194.92.0/22,94.194.92.0,94.194.95.255
94.194.96.0/19,94.194.96.0,94.194.127.255
94.194.128.0/17,94.194.128.0,94.194.255.255
94.195.0.0/16,94.195.0.0,94.195.255.255
149.241.48.0/20,149.241.48.0,149.241.63.255
149.241.64.0/18,149.241.64.0,149.241.127.255
149.241.128.0/17,149.241.128.0,149.241.255.255
151.224.0.0/17,151.224.0.0,151.224.127.255
151.224.128.0/18,151.224.128.0,151.224.191.255
151.224.196.0/22,151.224.196.0,151.224.199.255
151.224.200.0/22,151.224.200.0,151.224.203.255
151.224.208.0/20,151.224.208.0,151.224.223.255
151.224.224.0/19,151.224.224.0,151.224.255.255
151.225.0.0/16,151.225.0.0,151.225.255.255
151.226.0.0/16,151.226.0.0,151.226.255.255
151.227.0.0/20,151.227.0.0,151.227.15.255
151.227.16.0/21,151.227.16.0,151.227.23.255
151.227.28.0/22,151.227.28.0,151.227.31.255
151.227.32.0/19,151.227.32.0,151.227.63.255
151.227.64.0/18,151.227.64.0,151.227.127.255
151.227.128.0/17,151.227.128.0,151.227.255.255
151.228.0.0/16,151.228.0.0,151.228.255.255
151.229.0.0/17,151.229.0.0,151.229.127.255
151.229.132.0/22,151.229.132.0,151.229.135.255
151.229.136.0/21,151.229.136.0,151.229.143.255
151.229.144.0/20,151.229.144.0,151.229.159.255
151.229.160.0/19,151.229.160.0,151.229.191.255
151.229.192.0/18,151.229.192.0,151.229.255.255
151.230.0.0/16,151.230.0.0,151.230.255.255
151.231.0.0/17,151.231.0.0,151.231.127.255
151.231.128.0/18,151.231.128.0,151.231.191.255
151.231.192.0/19,151.231.192.0,151.231.223.255
151.231.224.0/20,151.231.224.0,151.231.239.255
151.231.240.0/21,151.231.240.0,151.231.247.255
176.24.0.0/20,176.24.0.0,176.24.15.255
176.24.16.0/21,176.24.16.0,176.24.23.255
176.24.24.0/22,176.24.24.0,176.24.27.255
176.24.32.0/19,176.24.32.0,176.24.63.255
176.24.64.0/18,176.24.64.0,176.24.127.255
176.24.128.0/17,176.24.128.0,176.24.255.255
176.25.0.0/16,176.25.0.0,176.25.255.255
176.26.0.0/20,176.26.0.0,176.26.15.255
176.26.16.0/21,176.26.16.0,176.26.23.255
176.26.28.0/22,176.26.28.0,176.26.31.255
176.26.32.0/19,176.26.32.0,176.26.63.255
176.26.64.0/22,176.26.64.0,176.26.67.255
176.26.72.0/21,176.26.72.0,176.26.79.255
176.26.80.0/20,176.26.80.0,176.26.95.255
176.26.96.0/20,176.26.96.0,176.26.111.255
176.26.112.0/22,176.26.112.0,176.26.115.255
176.26.120.0/21,176.26.120.0,176.26.127.255
176.26.128.0/17,176.26.128.0,176.26.255.255
176.27.0.0/21,176.27.0.0,176.27.7.255
176.27.12.0/22,176.27.12.0,176.27.15.255
176.27.16.0/20,176.27.16.0,176.27.31.255
176.27.32.0/20,176.27.32.0,176.27.47.255
176.27.48.0/22,176.27.48.0,176.27.51.255
176.27.56.0/21,176.27.56.0,176.27.63.255
176.27.64.0/18,176.27.64.0,176.27.127.255
176.27.128.0/19,176.27.128.0,176.27.159.255
176.27.160.0/21,176.27.160.0,176.27.167.255
176.27.172.0/22,176.27.172.0,176.27.175.255
176.27.176.0/20,176.27.176.0,176.27.191.255
176.27.192.0/19,176.27.192.0,176.27.223.255
176.27.224.0/20,176.27.224.0,176.27.239.255
176.27.240.0/21,176.27.240.0,176.27.247.255
176.27.248.0/22,176.27.248.0,176.27.251.255
176.248.0.0/17,176.248.0.0,176.248.127.255
176.248.128.0/19,176.248.128.0,176.248.159.255
176.248.160.0/20,176.248.160.0,176.248.175.255
176.248.180.0/22,176.248.180.0,176.248.183.255
176.248.184.0/21,176.248.184.0,176.248.191.255
176.248.192.0/18,176.248.192.0,176.248.255.255
176.249.4.0/22,176.249.4.0,176.249.7.255
176.249.8.0/21,176.249.8.0,176.249.15.255
176.249.16.0/20,176.249.16.0,176.249.31.255
176.249.32.0/19,176.249.32.0,176.249.63.255
176.249.64.0/18,176.249.64.0,176.249.127.255
176.249.128.0/20,176.249.128.0,176.249.143.255
176.249.148.0/22,176.249.148.0,176.249.151.255
176.249.152.0/21,176.249.152.0,176.249.159.255
176.249.160.0/19,176.249.160.0,176.249.191.255
176.249.192.0/19,176.249.192.0,176.249.223.255
176.249.224.0/20,176.249.224.0,176.249.239.255
176.249.240.0/21,176.249.240.0,176.249.247.255
176.249.248.0/22,176.249.248.0,176.249.251.255
176.250.0.0/21,176.250.0.0,176.250.7.255
176.250.8.0/22,176.250.8.0,176.250.11.255
176.250.16.0/20,176.250.16.0,176.250.31.255
176.250.32.0/19,176.250.32.0,176.250.63.255
176.250.64.0/19,176.250.64.0,176.250.95.255
176.250.96.0/22,176.250.96.0,176.250.99.255
176.250.104.0/21,176.250.104.0,176.250.111.255
176.250.112.0/20,176.250.112.0,176.250.127.255
176.250.128.0/18,176.250.128.0,176.250.191.255
176.250.192.0/19,176.250.192.0,176.250.223.255
176.250.228.0/22,176.250.228.0,176.250.231.255
176.250.232.0/21,176.250.232.0,176.250.239.255
176.250.240.0/20,176.250.240.0,176.250.255.255
176.251.0.0/17,176.251.0.0,176.251.127.255
176.251.128.0/20,176.251.128.0,176.251.143.255
176.251.148.0/22,176.251.148.0,176.251.151.255
176.251.152.0/21,176.251.152.0,176.251.159.255
176.251.160.0/19,176.251.160.0,176.251.191.255
176.251.192.0/21,176.251.192.0,176.251.199.255
176.251.204.0/22,176.251.204.0,176.251.207.255
176.251.208.0/20,176.251.208.0,176.251.223.255
176.251.224.0/19,176.251.224.0,176.251.255.255
176.252.4.0/22,176.252.4.0,176.252.7.255
176.252.8.0/22,176.252.8.0,176.252.11.255
176.252.20.0/22,176.252.20.0,176.252.23.255
176.252.28.0/22,176.252.28.0,176.252.31.255
176.252.32.0/21,176.252.32.0,176.252.39.255
176.252.40.0/22,176.252.40.0,176.252.43.255
176.252.48.0/20,176.252.48.0,176.252.63.255
176.252.68.0/22,176.252.68.0,176.252.71.255
176.252.72.0/21,176.252.72.0,176.252.79.255
176.252.80.0/20,176.252.80.0,176.252.95.255
176.252.96.0/20,176.252.96.0,176.252.111.255
176.252.112.0/22,176.252.112.0,176.252.115.255
176.252.120.0/22,176.252.120.0,176.252.123.255
176.252.128.0/21,176.252.128.0,176.252.135.255
176.252.136.0/22,176.252.136.0,176.252.139.255
176.252.144.0/20,176.252.144.0,176.252.159.255
176.252.160.0/19,176.252.160.0,176.252.191.255
176.252.192.0/19,176.252.192.0,176.252.223.255
176.252.224.0/20,176.252.224.0,176.252.239.255
176.252.244.0/22,176.252.244.0,176.252.247.255
176.252.248.0/21,176.252.248.0,176.252.255.255
176.253.0.0/20,176.253.0.0,176.253.15.255
176.253.16.0/22,176.253.16.0,176.253.19.255
176.253.24.0/21,176.253.24.0,176.253.31.255
176.253.32.0/19,176.253.32.0,176.253.63.255
176.253.68.0/22,176.253.68.0,176.253.71.255
176.253.72.0/21,176.253.72.0,176.253.79.255
176.253.84.0/22,176.253.84.0,176.253.87.255
176.253.88.0/21,176.253.88.0,176.253.95.255
176.253.96.0/21,176.253.96.0,176.253.103.255
176.253.112.0/20,176.253.112.0,176.253.127.255
176.253.132.0/22,176.253.132.0,176.253.135.255
176.253.136.0/21,176.253.136.0,176.253.143.255
176.253.144.0/20,176.253.144.0,176.253.159.255
176.253.160.0/22,176.253.160.0,176.253.163.255
176.253.168.0/21,176.253.168.0,176.253.175.255
176.253.176.0/20,176.253.176.0,176.253.191.255
176.253.192.0/19,176.253.192.0,176.253.223.255
176.253.224.0/21,176.253.224.0,176.253.231.255
176.253.236.0/22,176.253.236.0,176.253.239.255
176.253.244.0/22,176.253.244.0,176.253.247.255
176.253.248.0/21,176.253.248.0,176.253.255.255
176.254.0.0/19,176.254.0.0,176.254.31.255
176.254.32.0/21,176.254.32.0,176.254.39.255
176.254.40.0/22,176.254.40.0,176.254.43.255
176.254.48.0/22,176.254.48.0,176.254.51.255
176.254.56.0/21,176.254.56.0,176.254.63.255
176.254.64.0/19,176.254.64.0,176.254.95.255
176.254.100.0/22,176.254.100.0,176.254.103.255
176.254.104.0/21,176.254.104.0,176.254.111.255
176.254.112.0/20,176.254.112.0,176.254.127.255
176.254.128.0/18,176.254.128.0,176.254.191.255
176.255.0.0/18,176.255.0.0,176.255.63.255
176.255.64.0/19,176.255.64.0,176.255.95.255
176.255.96.0/20,176.255.96.0,176.255.111.255
176.255.112.0/21,176.255.112.0,176.255.119.255
176.255.124.0/22,176.255.124.0,176.255.127.255
176.255.128.0/19,176.255.128.0,176.255.159.255
176.255.160.0/21,176.255.160.0,176.255.167.255
188.220.0.0/17,188.220.0.0,188.220.127.255
188.220.156.0/22,188.220.156.0,188.220.159.255
188.220.180.0/22,188.220.180.0,188.220.183.255
188.221.0.0/16,188.221.0.0,188.221.255.255
188.222.0.0/18,188.222.0.0,188.222.63.255
188.222.64.0/19,188.222.64.0,188.222.95.255
188.222.96.0/22,188.222.96.0,188.222.99.255
188.222.104.0/21,188.222.104.0,188.222.111.255
188.222.112.0/20,188.222.112.0,188.222.127.255
188.222.128.0/17,188.222.128.0,188.222.255.255
188.223.0.0/16,188.223.0.0,188.223.255.255
